Name, n, |M|, distribution
TT_10_0.05_0, 10, 5, 1.00533,6,40,26.984,1,12,0.994667,26.008,49,24.008,
TT_10_0.05_1, 10, 5, 30,15.0067,39,2.33067,14.9933,24,0,1.33467,6,1.33467,
