Name, n, |M|, distribution
TT_15_0.25_28, 15, 7, -6.49412,-35,-39.4941,0,0,-35.5059,-27,-35,-73,0,0,-53,-9.50588,-2,0,
TT_15_0.25_29, 15, 8, -60,-29.9833,-27.0333,-31.9833,-8.24444,0,-2,-6.24444,0,-10.2444,0,-36,-44,-11.2667,0,
